0;-1,01680048223739;-1,76850978110153;-1,8369098633475;-1,25751200386957;-0,468625990046309;-0,177745875162557;0,38463623199022;-0,286938363318754;-1,10851017245072;-0,964324348069121;-1,7824392293276;-1,32341576695597;1,55857133674514;0,0964992567406283;-1,2557640320692;1,04842330181101;0,49542852066976;1,45125608858732;1,86448745628936;0,465220103464537;1,4695626734099;-0,609005719815984;0,519501476932966;1,37309316890846;-0,101073784645983;-1,85924104186798;-0,659021031977803;0,343070615143019;-0,364425659799513;-0,51218868538717;1,57484678525131;1,72250102936319;0,0336734124196083;-1,16330632299818;1,18701781188496;1,90127082959989;1,46690572080276;1,67057308828448;0,445614448921354;-0,542372449787266;1,04399134153819;-2,02525481841224;1,37168080224025;0,379578493403729;-0,51531915300329;0,132646358677247;-1,56022410563562;0,572558872711257;1,1862136420529;0,319031386302185;-0,399803648523364;1,08774732109948;-0,207775213464698;-0,706151314633297;0,840856619339791;1,5986063054881;-0,281610190124996;-1,20360196434646;0,849962848685913;-0,680739088038121;-1,59007898304454;-2,02978852301259;-1,99386684337903;1,41007958084595;-0,532770065410936;-1,49853919078129;0,649311888533916;0,650523519883537;0,915882512765166;-1,15063379375959;1,58791864891774;0,83125650029478;-1,06571250019383
0;0,179218650337783;1,31089000368444;1,30657265201088;-0,141790529188964;-2,1698071248013;-0,358002622185924;1,6684358653478;1,60077458723641;0,634442252156088;1,03694495474232;1,20241338093271;1,79416468014965;-1,81005891416819;-0,31462275206149;-1,54818212762033;-0,166117062407114;1,4841266614907;-0,0528708144788937;0,452413472143317;-1,46447126238181;-1,14765658662553;-1,22915150472247;0,870288682692302;1,87809475515888;1,87083008090509;-1,36941097452678;-1,29597314343793;1,3752446436102;-0,380182456426208;1,55486347773305;0,106670933815169;0,595783944331091;0,634980829090196;-0,0833573943055588;1,34766541234281;-0,300428914980039;1,30691562068941;-0,68494861084713;-0,60523369363957;0,852999700218676;0,954488385581795;-0,563981060835127;-0,53991704847992;-1,39805176829882;-1,52629774224263;1,40915888751616;-1,22523661840227;0,504002527710322;-0,262226664377329;-1,6430362234307;1,20710429372808;0,602754112208806;-1,29022728325203;-0,15740445733535;1,78553629283952;-0,906426753786387;-1,8741955878545;1,33909722808051;-0,102001278865547;1,11022318095398;-1,37682638759463;-2,02160568710904;-0,333839865184021;0,990198105651542;-1,38452288791949;-1,70816747224502;-1,15561305778719;0,183917811365872;0,248331166824207;0,66286611858822;0,437586648131987;-0,145721636508805;-1,76243402968596
0;1,71241254120384;-0,33522366492759;1,52666877780387;1,41957943261903;0,133356679596523;1,28587943844677;-1,69950603446739;1,97254192435712;0,292734466830063;-0,50665893189364;-0,886707753786699;-1,81506956321258;1,6155310567768;-0,254515630253696;-1,36399718159259;0,222817263492309;0,118901820217638;-0,571287169696696;2,08615836662249;1,52740752911388;0,378478633998916;0,0942839273882751;0,851371456511889;1,88532872019636;0,566507476226672;2,1050815246447;-1,98336411608569;0,434085897693812;0,689221913647237;-1,90849249422424;1,18030158415116;0,00801838651731795;-0,795431155926622;0,231608487919236;-0,722052578628227;-1,81184683173515;-1,70262937615726;-0,0398545228426331;0,264568487735195;-1,91475166545341;-0,391358037233703;1,45307071896642;0,60977086006556;0,755036818524582;-1,43935614696799;0,832239803703065;-0,720833815625075;0,820876022409456;-1,79575414579082;-2,02361693213838;-1,85435425554442;-0,743620302257578;0,657065723323606;0,624051354652961;0,132828433185726;-0,549742016417969;0,932211428029757;1,76014660707675;-1,31479867384117;0,147081704421062;1,10137292429893;-0,0147853826919697;-0,884550619523651;0,0333563308207761;0,431846033424433;1,22408040916522;1,09916814218328;-0,783948061375964;-1,700333681859;-1,72002098009097;-0,24242399058396;-2,00911428717326;1,28295089203734
0;1,56463303397348;-0,273631807232847;0,868202420225045;1,36182011146095;-1,88260311363058;0,967613487128046;1,58232119446797;0,527264366187149;-0,658853582274107;0,00100680873737701;0,427432415235383;1,76913146649477;-0,269079442094666;1,24390351195075;0,563708686045271;-1,88044412624971;1,66480055616398;-0,605720750442075;-1,24025574239469;-0,842043025249774;-1,86392849920761;-0,845920206879406;1,48446349074674;0,0961637819490707;-1,45875452886867;-1,68231841383517;-0,53454219119044;1,58126527110904;-1,91193243254406;0,258248614975716;1,75006593298222;0,244365057923843;-1,83102103143951;0,0277277293263181;0,778695557450488;-1,19676973819675;1,01229230218943;-0,0839470033512052;0,684267141784497;-1,43498954937555;-0,979894376479101;1,36581415519774;-0,390134620386942;1,74916396532928;0,554847906805456;0,023542227423297;-1,37101459591785;1,60002586802882;-1,61464342676476;-0,833039186812973;-1,40275139302025;0,850388570094102;-0,995131705376699;0,831478765195199;0,975250207566333;0,442899074849505;0,0588332461762418;-1,19561552772741;0,852920474326239;1,61664384436042;-0,465498487684896;-1,96659824264445;0,471542632727827;0,899826346906009;0,0678694199109918;-1,78458680869184;1,6324983319309;1,52012137273485;-1,50244621150312;-0,207175741761359;-1,07580788428331;-0,218906606488194;0,52694065192926
0;-1,64867688545845;-1,70585010836931;-1,28672987454483;1,50140688385584;1,69346876926203;1,49849352897679;0,469648476873619;1,64662720270749;-0,185957054004263;1,36783916970297;0,875114073033305;-0,174915542884167;-0,940129855816957;-0,598573393942647;-0,716587430386335;1,00715637104073;-1,50689313700601;0,697501043771257;0,374787918424888;1,01786583697765;1,02237956766191;0,985075490353275;-0,852658497464285;-0,945563329375135;0,662967432479388;-0,154517265478781;0,506987132553589;0,342341681595505;-0,946392326387489;1,27392492957538;0,544860053386448;-1,60039645408168;0,769626049392718;-1,51930482384001;-1,06264162595338;0,830479187924664;0,555865315759499;1,0365846304346;0,458493679562296;-0,607392244338746;-1,32346808418415;-1,73281950032643;1,81090753220926;-1,25166164737431;1,69166741696935;-0,631758422182191;-0,702753766706764;0,897692741623461;0,646330664031439;-1,19036453608744;-1,71433312999526;1,18709265377971;0,63673343272672;0,854937030956284;1,60008312067822;-0,674230057384656;1,10633070752204;1,61835577325738;-1,00596666566493;0,00357991769942924;-0,852899720618181;-1,71709932176327;0,748613412053602;0,499640334847423;-1,02142700072486;0,631104410073606;1,01498072615018;-1,26523114901833;-1,38033788503065;0,41245570011607;-1,39311506176015;-0,583955449013545;-1,60539875283242
0;-0,783386726238337;0,492499263031016;0,881009200939155;1,0902508507909;-1,3308357365996;-0,610173559440161;-0,489988965436749;-1,19074508026158;1,49871951426783;1,58012349691167;-1,47636879589851;1,09978996815975;1,26260217863187;-0,234584647720313;1,7854043165029;-1,06279167565703;1,50087301170413;1,60653713435885;0,868091176144496;0,212021382733391;-1,27835045595985;-1,47492758653831;-1,33587854182767;-0,463920589689319;-0,474461018532617;1,64935931596185;-0,709805961730057;0,319636143534181;-1,17737665852333;0,433074208258596;-1,48584743975845;-1,51506505728871;0,804363024154161;0,916016846000045;-0,298267682362503;-1,36931819067982;-1,05833298320018;0,16832963005108;0,69000899728068;0,450002966263499;1,43715648949055;-0,48527305936557;-0,407862603050377;-1,300521497966;0,499740104381473;1,26074441408054;-0,329947821149903;-0,852353924715568;1,05889842594314;1,76657840502016;-0,905141070727652;0,672153929385675;-0,284353625553108;1,13130308479574;1,66280975306746;-1,01385332893896;0,122983615619752;-0,360464398610455;-0,14068231991541;-1,11470628245262;-1,60576178694903;1,05586366113791;1,85212034837059;-0,63974888322969;1,36057674743119;-1,66669792784873;-1,40996724523334;-1,3588088566071;-1,64171115459674;1,44932831794379;1,86103007765199;-0,372850807585884;-0,788866052160763
0;-1,70885597235376;0,51297418274476;1,01096606259412;0,695166598209793;1,88431833471347;0,814350899890035;-0,0749354285260128;0,0906127794825394;-2,02644504042966;1,07299363263182;-1,46814630479366;-0,648312905847052;-0,562252141717763;0,506546882656505;1,54823828974995;1,06431379694809;-1,36595893738478;0,205036507270541;1,12070421597761;-1,83457781562623;-0,110622669433563;0,178738210588658;-1,751266513321;-0,769020303532948;-1,92347324875594;-1,14212412006332;0,306300786074989;0,88752909331936;-1,00487615573404;-1,28092944112714;1,4750595922609;1,81620556973316;1,31155061825356;-0,50676759084912;-1,03473863191951;-1,62487577512336;-1,5102504081116;-0,163768636153115;-0,0425964187350613;0,470146414483232;1,61275466715168;0,324541563429621;1,87560635036862;1,84397049431514;1,18706229921426;1,61090552499833;-0,285387479238702;-0,727620873797969;-1,47340321077564;-0,930513303116489;1,17368482619092;-0,9503806237156;-1,39151882298032;-1,01101908372298;0,901342093113328;0,0374768575425829;0,0734941598264561;-0,410760170112235;0,42789331072642;0,835695918537485;-1,68269642242426;0,962606518639625;-1,09525760102273;1,17955544118247;1,52300508085591;-1,35928083404182;-0,0347924836156129;1,86958648961635;-0,649461021663298;0,982367528634005;0,383817668820378;0,722880739253335;-1,94311361023371
0;-1,37300350554618;-1,35542656346439;1,59787533703527;0,360828719114561;-1,50044061251981;0,106680045268126;-1,44077172191601;1,1845416550054;-0,997131669182325;0,303945406334685;1,95162563037048;-0,382108890236409;0,367192649831889;1,13418876499031;0,266332518758508;0,643944012018717;0,973273876979879;0,359356273301012;0,946532154736088;1,44443603422029;1,16340721827928;0,0999226001928896;-1,37340515274211;-0,618795310425921;-1,32839946279075;-1,69615471929461;0,485732779649613;-0,39731117327588;-0,0883244168949408;1,94790283504176;-0,383242761568476;0,735890020831272;-1,56885346341262;-1,03751539851132;-1,86508307600796;-1,50959632779951;1,44747273784665;1,83753650809313;-0,301263513803818;1,6522079828539;-0,0134592226164071;1,79644315858099;1,50894070316986;-1,23391296246008;-0,863858003192963;-0,335149543390507;-0,747713428249074;-0,305284604643838;1,86117571611604;-0,684656569829686;0,551578194300563;-1,26994900586739;1,59140539755546;1,42593833010101;-0,906926078310347;0,551609115245482;-1,99286896485127;0,205823093332199;-0,321619372223681;-1,8151334473542;1,64548248660307;0,98107467234442;-0,737981482228654;-0,920499283239531;-1,32365938622583;-0,795111944589788;-0,824102980952784;-0,606139505785788;0,988424286869273;-0,234918707570982;1,22100649515662;1,1602725898713;-1,35022776702417
0;1,30708038361394;-0,523177466963483;1,37810768066496;0,619352164492403;1,8606948596136;-1,70908539429127;1,02589037878625;1,06970426468673;-1,17525078609899;-0,21125858728912;-1,3656140448387;-0,583381227879254;-1,08168619936275;1,16056724257223;-0,931217671994337;1,86940008778596;-0,365951763561799;-1,47616366241787;-0,734622470585663;0,162515313017098;-0,468445416711118;-1,94213155342245;1,02463490722249;0,529453183198954;0,426799166816622;-1,8609536736468;1,92987044152921;-1,4706089745256;1,85865934146421;0,732101534867198;0,100853807924286;0,133732619830786;1,40190884804374;-1,87021115606759;-1,6822122063157;-0,0137480878817042;-0,250310430971947;1,93460109351264;-1,79473278480475;-0,0208690867251762;0,674219886923722;-0,82995236479253;0,852995552044535;-0,760654742408789;-1,28719274173439;1,69790659503742;1,80200153598756;0,0765618897687495;-1,80579873351213;-0,447493666424843;-0,598775111561885;-0,684748240983384;-0,00268547406516679;-0,959208882583672;1,16278218519848;1,30050419201473;0,44927797739948;-1,10005324755566;-1,75615474734587;1,77294078823874;-1,64186548423503;0,547791608290198;1,20813527480798;0,089738030619269;1,68497795637205;0,497743686915974;0,0118002756624621;-1,16018278831681;0,894071703866269;1,07962076747282;0,171002773736246;-0,30346250548898;-1,63013862263477
0;1,30237808630467;1,51521380182631;-1,72141086456288;-0,890115229578883;-0,221615789794038;-0,18858547750696;0,71526823469308;-1,80427461286074;-0,149965520203405;-1,74913306581122;0,327055224745046;-0,700288822814945;-1,27467433464126;-1,95851667749713;0,38495438334508;-1,14068057815133;-1,08771946877192;1,56649114028818;-1,20710924388148;1,78557871090487;-1,70390611623598;-0,394680268019015;-1,96903982524442;-0,092659226583325;-1,29821178331911;-0,521962147485283;0,174007125621605;-0,326094282232302;1,01811049334942;1,19308234695083;-0,985228121412391;1,40272057174319;1,74315842232442;-1,10635528272858;0,699556944011536;-0,520868690558516;0,794580226060081;0,108359248385415;-1,45681134971899;1,03456687803155;-0,560416033071286;1,52017749448813;0,425208616956891;0,174478965714005;-1,20611148001659;-1,35687324638688;0,89791825795095;0,331142716498558;1,63223975643508;1,92332226469884;-0,122167464769519;1,57553188848682;-0,764449550785169;-0,100478482586176;1,99150214384852;-0,405159454751877;1,38203581799517;0,425485428314312;-1,69412125533533;-1,80187145138431;1,6916444631653;-1,06085529215018;-0,768148039916294;0,711189199139632;1,29033212189504;0,978571719295721;-0,389210178845495;1,88591801438118;-0,603836555214805;-1,19639473517196;0,118976262082449;0,858158349136534;0,921084680931613
0;-0,307983790708565;0,177310098284163;-1,41359295479835;1,29210681980374;-0,19751675349436;-1,20980297668175;-2,39687288128613;0,616871613484312;2,03797462296277;0,0108916325517;1,1960837681113;-0,982698407270173;-0,667083323935715;-0,0239405461677073;-0,388047390180626;-1,27153700802425;-1,21963437667527;0,0732724644904387;-2,04750874922488;-0,434365129850465;-2,07455758643887;1,47533594536823;-1,89969265279215;0,112408713355305;1,89297144988319;0,959026286303786;-0,243843504489982;1,12580058504774;1,1029135143985;-1,41065788300046;0,7204766905711;-0,432265682627073;1,1115498300578;-1,72637088853713;1,56544408218371;1,8273884889614;1,09491588108279;0,369701389684372;-0,807058547527136;-0,871281704398222;-2,06963393918029;-0,526934140588194;1,98359331286269;0,912991291411136;0,0572142144205275;-0,776852988653594;-0,440696042551441;-1,43469644512366;2,06780504101922;0,834034719261922;-2,01985741219875;0,698073297442141;-0,378523773685551;-1,15978602134216;0,551224227137663;0,43149652465532;-0,385888205077226;0,688814592578453;1,61395163065266;1,05827322093396;1,24885678854035;-1,30785720560176;1,72877435981792;0,985741549809682;1,50523120271271;-0,834541505415162;0,120568023404134;-1,40360339155213;0,625431632380693;-0,00061961840991831;-0,151636628374934;0,625480494372465;-1,58255994413596
0;1,15199528226808;-0,689137439952927;0,785589804037333;1,81098860689836;-0,462470477676975;-2,24797829501812;0,331515557843277;-0,9215185846972;-1,12758113099024;1,38307032619769;-2,0371655447482;-1,70141813047087;-2,28032874529542;2,25939616684019;-0,0616180345576847;0,0654276860433417;-1,18372180454849;-0,118896977649212;-1,90178708343894;1,0848861997774;0,47215092966215;0,220768365153833;1,56087610092181;0,0870201832034147;-1,31798870784225;1,72813464266544;-1,42265900444784;1,42705464603318;-1,35246352964191;0,279972344797613;-0,261802452412696;-1,33000543962344;-0,297373280236351;-0,0524455851609543;0,914346426363473;1,98471570907087;2,19800570656006;1,05448813366099;-2,09330023346517;0,752468241882415;-0,914320808428574;-0,209497722576053;0,184587279075195;-0,23357342171129;1,56764000520898;0,498844851800228;1,59026408055599;-0,642944103383969;-1,99450234047996;0,989609694992679;-0,374319451848497;-2,05678248770838;-0,422879985472815;1,97196770275049;0,406334764143692;-1,37120415860434;0,0624023369601164;-1,60386145488467;0,826546239022026;0,12181075749244;1,48709658726458;1,21687678964495;-1,87148613077388;0,904862402047006;-0,657558297108201;1,6052557727101;0,90837102760034;0,0845327177003918;-0,957381335241866;0,266082134206303;0,179837857318142;0,0742059396253777;-0,328027819902623
0;-0,294422678442896;-0,260478081024696;-1,4186691437192;-1,98606318968241;-0,440468810646772;0,737253941150084;0,44170745220526;-1,89667372030861;1,35337983155666;0,989829372483938;-0,0200010429146272;-1,44271700885298;-0,440002466957578;1,24138041748164;0,0439337588075142;1,63549525200374;-0,00876963110033367;-0,32807092934158;1,3241385464666;-1,81749710405616;0,0916042789129524;1,3930128736923;0,165367798561645;-0,556907887670275;1,40562998005517;-1,64516680294318;2,0057172253675;1,67879181135154;-0,694264622253383;-1,74146394311269;0,0516311102061889;-1,30604329483427;1,6445098056697;0,519132626487121;1,96754496464925;-0,0178754794726395;-0,235943820197595;-1,23108374822768;-1,51647570581994;-0,102265698028261;-1,72693626517242;-0,00804821231756116;1,99869487939865;-1,93194066569916;0,419735563597928;0,226331507204229;1,90683231692137;-1,84208970365327;-1,25723502609214;0,483664855033111;1,21204199870786;-1,44983019238404;0,878798920741177;-0,129071532623078;1,66489718358797;0,351347567838696;1,61293724038755;1,17702186392496;-1,35291004976369;-0,813169944663456;0,77031983575647;0,801698760827609;0,836374021918666;1,07697583770948;-1,07966967468212;-0,73182568504023;-1,04844369454878;1,07964802652919;1,31261857280627;-1,95605869867972;-0,146428864758538;-0,795553819832519;-0,829463160481509
0;-0,802364715296642;1,79359986381954;-2,1585168508826;1,26706378142642;-0,116593478763038;0,88788195228545;-1,05494626953691;-1,74454275057792;1,67269545602323;0,740710617612641;0,682135494158156;-1,13278716062597;-0,725644417489317;-0,347090099114674;-0,447494291329122;0,715013178392144;-0,608365809171783;0,219216507937649;0,441890962310727;-2,13585167623641;1,16727671567589;0,994245758982995;-0,698501245102811;1,02303314798314;-1,31823357614389;1,01501046533448;-1,08329814151209;-0,957353807736334;-1,4148631864256;-1,33844807280055;-1,54606823328726;-1,61632121922347;-0,20829412719518;1,25205333988143;-0,75753445956505;-0,237158460052995;1,40213561772864;0,780442651999601;-0,692899112836691;-2,14294966166436;1,36042929729299;-1,54481876305053;0,803067532926456;1,7671266430634;1,86114541998579;-0,224543561991992;1,31042273713664;1,28742051676597;1,06419054855549;-2,06961249736536;-0,508100412871328;-0,530247704708302;1,09680847655118;-1,13550334503094;-0,326747387796758;0,0895570268167838;0,23172350039144;-1,29538249776933;0,324919749039405;0,754563556998901;-0,289197514733362;1,78857503929584;1,5564879369441;0,750765920292875;0,0264012423689975;0,0380791048507202;0,961674467665627;-0,0915302562743258;-1,84993324808053;1,67583166982029;1,19904506175992;0,497359039925037;-1,34826198775657
0;0,603425352230602;-1,24301117775194;0,724882432838619;-1,68118097874588;-0,259314994903137;1,29405046034386;1,05011692640917;1,8120248653214;-0,168729861569749;0,164535941337847;-1,23873034899007;1,30146131406992;1,12443865193091;-0,495540536601099;-0,97868380743387;-0,356779026755105;1,28548034200315;1,64645851425649;0,710969219200132;-1,42887993456388;0,712462272350965;0,324683480994074;1,68533877683346;-0,866032065461479;-1,81373032677698;-0,202231696506767;-0,12364226192605;0,961804518527059;-0,525569518545874;1,13076580787721;1,51020350899814;-1,02575836295302;1,13432767360299;-1,08290378412858;-1,12649191912455;-1,41066233051139;1,35097993625928;0,196753678212356;-1,08942298458674;-0,142691858600006;1,64772240476986;1,29588355688009;-1,67719579573455;-0,0273530636239968;1,1544000910872;1,80282249303595;1,28848277652053;-1,03801933439493;0,326639982720012;-1,3004851591174;-0,663406971171727;-1,61688238004307;-1,1364571342222;0,333675049748725;0,388426046821417;-1,58490718904558;-0,834371900295402;-0,272734561982013;-1,73109971225101;2,03689475589363;-0,445956338012202;-1,7753366524;0,473945323585166;0,794482384843037;0,748310486629703;1,88100606825295;-1,69651541981518;0,343693375777379;-1,23269767775866;-1,4316705372046;0,38621909127561;-0,774922396491322;0,87223243856112
0;-0,991840519654853;-0,964990476782625;1,48139011052106;0,134824030612869;-0,148934956253549;0,071353926314426;-1,4948053376023;0,591128073972448;-0,932264248444947;-1,20623557840712;-1,06910779577328;-0,0689835279281355;1,23890895367233;-1,7208563928876;-1,0438539313749;0,610148839423215;-1,37966701534607;1,48838710880522;-0,236242070306903;0,0621877129381923;-1,01377265087333;-1,53190541025694;1,52932629479457;-1,02296788235563;-0,371421583773347;1,2927564988459;1,34089319322328;1,60417329052349;-0,902422801767215;-1,63845323387663;-0,104172602692502;0,398817296649046;-1,72005506856675;-0,388530911912163;1,92976461779061;-0,537886624622246;0,952792995688752;0,363068042419446;1,38327372935462;1,71407947303009;1,84924912392095;-0,422757266206714;-1,33560947789234;1,51727281331882;-0,296132099449573;-0,981736231397858;1,54840306209782;1,73626475996356;1,43223281497723;1,78014129004129;-1,66017982424586;-0,840134848491365;-1,21507731413147;1,23048461429882;0,0393434688847446;-1,2894123040317;-0,440457003491021;0,674880798242905;-1,32323158024757;0,612168312986724;0,784320501177324;-1,04511886003962;-0,335926318894118;-1,1232882092021;0,951796792371558;0,585934675663849;-0,178405653995169;-0,202037329049286;-1,59676124259203;1,54789246133352;1,71121561182064;0,311124710320664;-1,72436381518319
0;-0,0225922279946478;0,119872783275422;1,16357345999011;1,50801585636589;-1,69887326603471;1,04505306994227;-1,17681510922216;1,45622496182037;1,33429731231014;-1,55935174241639;-0,66156600203317;-1,69043226119382;-1,06717176744705;-0,30106529388323;-0,895408429143369;1,30593451666547;1,09974554239606;1,59428915494152;-1,46687807884018;-0,237882809061784;-1,03650492846446;-0,898059735236604;0,816308867894982;1,60353783165913;1,49403173368195;-1,21594245380283;0,909594493893207;0,978301735106776;-0,181911916642316;1,19909319289632;1,57838116373943;-1,64924511718184;-0,0409025284880265;-0,937790394552171;0,528650759172428;-0,868453909129512;0,437125069408717;-1,0668239587084;-0,507814704260351;1,11023175976105;1,58849543232828;0,644335332321446;0,916487430857142;-1,1749797925725;-1,45390579108244;-1,11211186831412;0,075400444946847;-1,00996676807883;-1,08260676035143;0,0841288894968171;-0,926754272561373;1,32280821667034;1,13779524685746;-1,31295553166033;1,09814689531779;-0,833923938274327;0,982872675980373;1,23934438893092;-1,69540732283234;1,19637794836805;-1,57393286946722;-0,475808083729006;-0,0712545670535971;-1,57418732610246;-1,45842414555589;-0,721712330367609;0,0297790278941385;1,54992738770505;0,849592707544275;1,65235424058608;-0,840581998259533;0,457178055588182;0,392712413685584
0;-1,09419077777249;-0,0339257238337465;0,171618888153592;-0,0172165887263332;0,571907837038967;2,07764817457351;1,44027305593483;0,72170955051875;0,470606580615009;0,670232562381368;2,1697530091444;0,761946459578451;-1,87945923119834;-1,39067756573217;-0,443875214866112;-0,329887871511124;-0,3160306037973;-0,0691604962850993;1,41250322436814;-1,35265323098796;0,138638093035264;1,55046286139127;0,67502738081179;-1,22977311093743;1,2771953572398;-1,84009619145837;1,51140138083486;0,932781971240707;0,462997061231059;-0,0807878823395776;-1,31712540816567;-0,934429639516364;0,590944658350224;-0,926824474825938;0,634483953923142;0,898893396354004;-0,687321439024364;1,5587249318225;-1,25041321496212;2,39195585936572;-1,11544552205044;-1,09867949289443;0,0257804271583226;1,37704605499967;0,448880214559824;-0,265918823222394;2,5389802589639;-1,69522870008826;-1,58069297958264;0,452239013743023;-0,550707284183782;0,336170013225217;0,119601880133082;-0,0682954344110165;-1,65063217006066;-0,0991687829532973;1,83653175156493;-0,839015226724994;1,25107291024433;0,171596802681323;-1,67416043207738;-1,73291614112189;-1,98169473652833;-1,68901276286143;-0,253049255268976;0,863775422844742;-2,06940542458779;1,59285009983806;0,520323336555149;1,20271624499035;-1,88297365830278;0,670729320590664;-1,05915450713899
0;1,16568042608083;1,74890432342745;-0,853024198203029;-0,627225353504315;1,38367600974704;0,616278823694304;-0,612742486066227;-1,5055966436986;0,694376219230775;0,14972495621913;-1,81680152994558;-1,45601243567714;0,636203965843755;1,10707957043429;-1,30725244106041;-1,25651801710577;-1,24878221002347;1,19853627509467;-1,70606033280661;-1,58351511115293;0,817938013241009;1,36972323719688;-1,34007308338502;-1,13141962491164;-0,477844560150777;-0,544396483634641;1,60928518661603;-0,408153121088267;-1,08182665943419;0,194407083247136;-0,251790486655524;0,00965418263985002;0,975539909125315;-0,728869196433126;0,798749581351527;0,0678841168593177;1,4264810029622;-1,340791744635;1,92984308665039;0,594911403315944;-0,294313202950709;-0,249664591009749;-0,139406903155451;0,359076669896755;-1,6304228823187;-1,76123516519794;1,03541292841113;1,44208975773196;1,5516553701585;0,618016032587849;-0,232464826603841;1,61695806294525;-1,66359333431484;0,220450578862937;0,220276307064633;1,73124905048099;1,2637226693561;-1,54685931074775;1,7859110682435;0,10281775592531;0,942285498675314;1,73070249661908;1,51152187733262;-1,32528560147273;-1,42373929458171;0,108836149011605;-0,496260483205417;-0,460181575179486;-1,51692474837361;0,560155303677308;-0,747707158470932;-1,73324520284483;1,20398505004132
0;-0,350644055086582;0,970636653388656;-0,862524691729022;-0,285929304504703;0,435281512093349;-1,60506447410268;-0,580724904163918;0,591129301053513;-2,03837575760837;0,094884563632697;0,434376596207948;-1,69926154874571;0,213800685552476;-0,07160672080403;-1,27063901641888;1,4147198380523;1,43645806692264;1,09256082761083;1,62619794205215;-1,42897482953623;0,129213320592091;2,20057935920402;0,00972979420472887;0,354267122688974;-0,708066714181781;0,0714798508407439;0,382902390030258;1,00227523928771;-0,303605632891506;1,60748972136928;-0,961907784845781;-0,473205926453712;-0,296833348029412;-1,71741226237487;0,959260147848264;2,09837191966549;-0,979631112227488;0,416968472186677;-0,914789892911899;2,36612473855796;0,783147767586637;2,32426134889016;1,13909924288493;0,0354408536942419;-0,590281422107487;-2,16125957620689;0,708043284542382;-1,91607994098361;-1,50724961112122;0,765444148133019;-0,636305947096552;2,42007166769222;0,178483403800873;1,9466318250227;-0,686733677843172;0,102995377674317;-1,29581114251353;1,43742697754692;-1,83458059202038;-1,89291634044485;0,666251927831982;1,07121864851329;-1,36198306775244;-0,991646687012727;-1,19992565321898;-1,3491354790358;1,25179059124862;-0,325505053770113;1,62335192331262;-0,714792144119458;0,137632948582327;-1,2372284069615;-0,249367281174732
0;1,46635739254835;0,202019469876651;0,216683297113094;-1,20414102102936;2,07973371171739;-1,30456313891048;-0,867733812842519;1,55512698376264;-0,141360527583439;0,0394557004580056;1,18370295869146;-0,188755439493879;-0,802666446072072;1,5421366976755;0,175102121433626;1,2166565636697;-1,38038221417551;0,799209888912445;0,0260186179844312;-0,182096738075896;-1,27572606725484;-0,655882363616482;1,85441621557366;1,05003538783071;-0,285843796599609;-1,05480547899581;-1,46403960457109;-0,829350317292371;-1,22812913875567;-0,93788830658723;1,42124347578294;-1,57658064972849;-1,59967299468919;0,17679168454761;0,6110831691184;-0,823640079653777;1,11769933217306;-1,00081481835871;-1,2684334985777;0,245631813532861;1,2163329054499;-1,25662727260274;-1,57986440029199;-1,41289076086964;-0,429231921712093;1,26127542765076;1,69631417052663;-0,776632010401438;-1,39346001420554;0,427953175338313;0,481125274232032;0,511075821369974;2,01633912408076;1,04370844792087;-1,23184269354596;0,00648795302233699;0,449417906294105;1,2684625612735;1,18351742756136;1,0187873875707;-1,95627533748188;2,06343115644097;0,667504319375824;-1,3192240241387;0,720026876666179;0,644531805277457;-0,704834247947182;1,12235652137143;-1,18469827458539;-1,11700960205509;-2,01679457164585;1,72224725617431;-0,0481084156523429
0;1,97505475988964;0,855220286519927;2,16553644082993;-0,945110590252114;1,28096629759714;-0,417608965908271;0,713970375550358;-0,429787997082513;1,53066641179343;-1,28697674996643;0,61045924407512;0,835666264671612;-0,95823377114465;-1,22946872810789;-0,327440461631563;-0,484707785005788;-1,24851692008276;0,974318984523459;2,04045982447887;0,108640249922936;0,0108996335245853;0,268873656300809;1,37896586257688;0,355821787622887;1,93608037056437;0,157482333015922;1,16364157321752;0,0448742862900266;-1,27762153912622;-1,43521256361914;1,92106138829177;0,499563744962877;1,00465707345029;-1,29165576491607;-1,69543516755395;-1,49956588222482;-0,965035283855562;-0,684558266479474;1,51667373680769;-0,0132280682255938;-1,22550232129583;-0,238231735966599;-1,01835097678261;1,61133212907238;-1,61218562869893;0,281825678701635;0,00640198239638153;0,205919257055767;2,02858124418216;-0,0849248865070705;-1,51273726884123;0,335269600570646;-1,5856355492114;-0,108397665419475;-1,69243313455055;-0,116680165506428;1,65993405295797;-0,0131466158882155;-0,697511331801565;-0,699377304514038;0,602429089889135;-1,15376517983492;-0,975027727051542;1,14301770631732;-1,02435850924327;-1,71196576998301;2,01468882023625;-1,48943927532383;-1,3568948296492;-0,650735848501999;-1,34253377024548;1,61972097541163;1,64132487673069
0;0,0170670072874364;-0,729081262967755;-1,85420737692115;-0,777733845839597;1,80116338857475;-0,0717812380399758;-0,397133992970856;-1,95588352704436;-1,11941848539579;-0,0149276740632113;0,805327775329217;-2,03215866349787;-0,468128099911111;0,0497434447513984;-0,958343129810375;-1,69695473790126;0,404996119987789;-1,23419193718449;1,05503888572959;-2,09911763881224;0,185433027990369;1,4037015091816;1,96773127556997;-1,34851287373749;-0,199157888611253;0,620587493008767;-2,00908040195469;0,245190311684957;-0,561404270799325;-0,491955329907196;0,665826899745817;-0,808444545341426;-1,20615046389623;0,687778069497066;0,158500466408416;-1,71816738447814;1,9190287569537;-1,67810352135575;1,73996852191196;1,8779755291987;1,49366131284266;-1,10419439230337;-0,590722799820986;0,638332579902152;0,00342284431239445;0,882592576289049;1,22572408522518;-0,00517685855359769;0,712675482993195;1,97227504331312;0,00776904944995278;-1,77544615970544;-0,627381701413631;1,44387944039477;-0,818268588076886;0,65548617266959;-0,65469186397397;1,53642617138009;1,46354471733541;-0,931973707843879;-0,175250439495154;1,39979636990794;0,647641418318715;1,41465751907516;1,36136610075472;-0,498777282739221;1,2161124749621;0,886214505155574;1,93336365290673;-1,35272534874209;-1,57386282029121;-0,0294499620663223;-0,932039784532692
0;1,16338556967632;-1,54036984170896;-0,829997126146632;-0,142016299172335;-0,791174771280955;0,647008118769246;0,910746902064154;1,37598903285333;0,0105958830860507;1,51035616742465;-0,506539732413965;1,47888616894734;0,294170888641871;1,78994461739085;-0,620114262228687;-0,618741531488783;1,48155949882658;0,928585816452084;-1,71538085282588;-1,10000285662354;0,519336420848375;-0,084617614373973;-1,9972293759163;0,256649419968895;0,00915434263287787;1,26090505935648;-1,59863684216365;1,64112510317043;-1,75744568318823;0,0743993894416606;-0,0727332367926719;1,37267423312817;-2,05252376691934;1,14340423438523;0,164179701327176;0,834234959678903;-2,08431219067313;-1,33370122574394;-1,96346067108651;-1,2628043833379;-1,59768570972293;-0,345748372430239;1,75831304941608;1,79601983369844;-0,976835375377866;1,84199640259009;-1,08085038792466;-0,336843357608714;-0,308353192129909;-0,631752710616313;-1,70988898938879;-0,309057896810585;-1,93649463811269;-1,04430860783672;0,510839739438942;-0,840851569472919;-1,63199521931587;0,880040856459805;1,81551676077012;-0,0853924280620979;0,156790207409685;1,23630920146905;1,04457996251835;1,90288389621972;-0,505765349305888;0,0874734370332023;1,44255518234346;1,11745405683197;-0,463089837459545;0,512338180667743;-0,623284094338862;0,726405971047298;0,803191734015378
0;1,87819339990168;-1,50107712790294;-1,10125829822743;0,365164409011973;-1,75723613711929;-0,700353344901686;0,376143158268278;0,505703092372323;0,997576929123779;0,0788142421477102;1,1456859657629;-0,100950837603824;-1,78549567733403;1,55847407880553;1,27352917170573;-1,35429450568372;-0,948963955871612;0,641160573989444;-0,855204173313298;-1,05638025767294;0,326926543963526;0,825852594819314;-0,713344178439103;0,857701093324339;2,2133752106865;0,462206141111874;1,21248622017678;-1,60798689178019;-0,0215649836910301;-1,90528635983762;1,47759870038651;2,36148611750061;-0,280554060902805;1,16031545073833;-1,38436010265988;-1,44755736219536;-0,155012804033977;1,3209835756045;-1,83093817985891;-0,154141004492922;-0,212621976583937;2,00256028346717;1,77423752604541;-0,545605704936595;-1,8211234686202;0,359547798775126;-0,577078392804602;1,13790759559148;-1,51587700020608;0,758160980067046;-1,36716922396066;-1,89580102340742;-1,63525764581517;0,0346953919381198;-1,26505062645734;-0,99033111074875;1,58296899375443;0,411742551666492;0,522491141543742;0,151259664987104;0,457862378139799;-0,0585418657826469;-1,51540383976776;0,860191373130284;0,971917484979467;1,15490179148056;-1,86306869253214;-0,575109184854096;0,900162265634295;0,67841461806997;1,17142024156853;0,100754411742154;0,429426838017237
0;0,955371972686477;0,828483987453328;0,0887599758527984;0,735447410190631;1,42961734092707;0,0363708205127658;-0,697236830979403;-1,42154828798442;-2,27938838657944;1,49686812642608;0,88542309073975;1,10026757207464;0,654004049001669;1,20829682066383;1,29844696886286;-0,189010665641339;1,22839427517706;-1,11604368963281;1,07480176629968;-1,63566651477577;-0,183844327499006;1,03456611364186;1,44176269122806;0,782554250125427;-1,53291332065076;0,229355745128388;-1,067579981694;-0,369300558204759;1,57702342782846;-2,13429655986856;-0,372443300254082;1,21129424893918;0,273460882315804;-0,488875011354655;-1,36002026394684;0,251830822163872;-0,164211127430813;-0,566611246679199;1,02746023793136;1,37922354896595;-1,71316846371204;-1,31896511879655;-0,188486385840148;-0,499462167664121;-1,18349444513033;0,714098461906501;1,2597115773032;0,868132928164727;-1,90567041684866;0,727072325133438;0,621514854409607;-1,15571063466159;1,01631659251357;-1,14975739893186;-2,30931602294638;1,49958035476441;0,965495791945069;0,884980221447169;-0,0773447934776609;-1,14544392852037;-1,24175472211229;1,25083822294515;-1,41979722009308;1,43368266900892;-0,476394097638893;1,25290333752036;-1,51889883456022;-1,20282646396273;0,222611560291617;-1,29908937762007;1,55397495750927;-0,550700002462795;-0,564729431844371
0;1,86034738818244;-2,06963430090458;-0,896350845090288;-0,798802641217533;-0,00208863238065888;0,0254500189260902;-0,294690530028025;1,05502284574231;0,0506529931030352;-0,451219883422362;-1,21270761213696;-0,859134133254434;-1,28668413275985;-1,93931107051508;-0,576746082881788;-0,136081791438632;-0,974274060396423;1,40634804398142;1,03412741608052;1,65528750729919;0,254927872740651;0,752004809043476;-1,09009831323793;-2,04375268770942;0,398487017063631;2,17247085180819;-0,504788394941602;0,321592981597129;0,576237043825559;-1,43949444321076;1,52514301913563;1,28072634476817;-0,855200052664257;1,54244890405539;1,91180593617718;-0,914849049687274;0,979169627031903;0,753397180289667;-0,635810604625083;-0,75267026934128;-1,50009770793051;0,318952842996834;1,21647904250541;0,129869047527527;-2,07134798687676;0,740624202761001;-0,950794730472784;1,62025119679718;1,53642463053468;1,44639940527351;-0,487753627874727;-0,202820967038327;-1,01918950477454;0,378475224692187;1,76327112614706;-1,04726953422335;1,21852573283081;-1,00821027074318;1,0007720622163;0,0235022363086118;-1,62537369949462;1,58177820887231;-1,67682631144556;-0,665464677048514;0,221698817939465;-0,295372236407674;2,19412763990728;-0,631071316317781;-1,6530552861948;-1,81750914655682;1,08281030202693;0,470390479811371;-0,113453464755809
0;-0,705976915678222;0,643994327790323;1,76282909317167;1,36782696285721;0,622610471924368;-2,44124965575506;1,48849991427316;0,612311603896416;-0,270150464781957;0,627676324952707;0,967657229705692;0,887188451175329;-0,764010326330887;-0,19983846930364;0,609089018014665;1,60816468448564;0,450354896946438;-0,278372275675167;-0,5081231337822;1,58197320865082;1,17563865814479;-1,60763715410333;-1,21397137167264;-0,499838128460711;-0,612125110652299;1,73540250932289;0,0741652165942211;0,392251082729266;1,51060880126859;0,760311565091739;0,839842122036321;-2,1098262256773;0,88087225995786;1,73783128431611;1,18445484582198;1,21313652129035;1,46026089576729;-0,917047102033837;-2,23130869609971;-1,36389527434845;0,982462945739885;0,894674796189324;0,150689853696934;-1,87806323465655;-1,13787056578804;-0,0597972545209336;-1,82795542038842;1,39228790403825;-1,25545601313725;-0,746847964661205;-0,597120554442395;-0,0306102495992653;-1,23444444466521;0,36582261329014;0,19625498825205;-1,56680934993891;-0,610503888901057;-0,20580236673164;-0,488517514854512;0,7131911228878;-0,689431712062958;-1,37222075682012;0,927685962914155;0,79552113041263;1,61381736320271;0,609013867018978;-2,46215339714655;-0,675858450360672;0,441689845160702;1,22193565701064;-2,32056579964566;-1,10106758938374;-0,515533167939478
0;-1,0739408444539;-1,31454953064311;-1,61363822743042;0,503772063126584;-1,25391275513936;-1,2783803982685;1,63610541712883;1,46825803987265;0,917087473693394;-0,330379488837821;0,242124967777308;-0,602923658606533;-1,06015732291389;1,33278452857134;-1,39385105646876;-0,430027522865833;0,70576926012868;-0,165192672898068;-0,313144568149244;1,75234174192901;-0,609945998664124;1,52143010114577;0,333413011472448;2,12370079220956;1,54925236392229;-1,12389123021631;0,514515693669431;0,378173485705172;1,0729718764249;-0,984907158170473;-0,171370120625241;-0,39984927894405;-1,40427548965091;-1,42213756005791;-1,52229177881592;0,220835182387273;0,360713918434673;0,620067761692607;-0,756491344761475;-0,352042479146593;0,500161164810977;1,79631345872087;1,03053731154458;1,63692189184031;-0,808296149613598;-0,0873393585021963;1,13820671843029;1,83397315200626;1,67703695001644;-1,64173909928429;-1,72825055900469;-0,124702408271538;0,72926949315597;-0,191208964541367;-1,31128845725344;-0,440675400959867;0,506733002524244;-1,58264347500019;1,10921524384409;2,02467401971676;0,361799452701866;-0,619508100279346;-1,48215386825525;0,0245546001608643;1,99568617642722;-1,23546578498165;-1,07608820065862;-1,51545979455898;0,977636275684258;0,540009305783769;1,36395410333929;-1,79173853326693;-1,2861413598396
0;-1,9246269192695;-0,719045841990105;-0,347722417955553;-1,47550118139484;0,748028197901788;0,950107504664;-0,337074834229363;-0,204476007320889;0,732180857174196;0,752644126118938;0,73420081084883;-1,22465305807724;1,99689127953497;0,92131132512608;0,837896449652747;1,93311729511935;0,968512187072866;1,75917973950187;-0,0322564283821051;1,55722025113994;-0,720248524173672;1,33395210078343;-0,850716008198666;1,29437858991213;-0,963680910539209;1,68677581157799;-1,53881983835189;-0,9808053838453;0,673543841798792;-1,11237683448323;-0,833467815332643;-0,943351120583441;-1,90019294704764;-0,809211464346195;0,588233926252926;-1,53198266147301;0,990265057008318;-1,02341021330258;1,70099559447013;-0,577197395404376;-0,621784200532548;0,155264664757739;1,57282938418619;0,577287636086928;-0,261438975575271;-0,81198148919176;1,93163421638636;-0,203427315531931;0,0383534586455272;-1,49344996917511;1,9484257123767;0,722909127194214;-0,673480759978514;-1,39207792150665;1,38777863369576;-1,21531626212749;-1,83160775068381;0,401161750057758;1,5314424870698;1,10451514424924;0,525649426123521;-1,31954736727643;1,16524290880576;-0,118720225234951;-0,377165975440791;-0,2857259854601;-1,28773802792197;0,842824826988794;-1,63020051801922;0,406601194233381;-1,02042567878134;0,0286444834830714;-1,90509377186064
0;-1,47545296347529;0,18909874866983;1,15888455349832;1,80739876149289;0,596085774844686;-0,445715509240002;1,89620318121614;1,80130604479627;0,690424827303407;1,01255877067495;0,176864014385271;-1,06717776075201;0,465317297739312;1,77582741790304;1,53313760281691;-0,187248367457968;-0,193360710626376;-1,72534592556842;-1,43046664609503;-0,551787941971088;-1,42295186066795;0,927309347931781;-1,31977941921587;1,02191065999874;-0,307450987545959;-1,05829966437778;-2,0058212410418;-1,54592822936864;-0,921437087011199;-0,577167571777517;1,67561452562412;1,56888305813026;-0,074961040535173;0,646474573637119;-1,27180773816006;0,412930253487629;-1,80642704641904;-1,02531009487009;-0,44178731471834;-1,20685208724484;1,68389304250268;1,34389725944357;1,86511232794067;-0,336645944932392;-1,05109428618284;-1,11497172787829;1,17055979745114;-0,0468042526176018;-0,824821941577409;-1,0154156372737;0,552824243664208;0,0783192619792134;-1,67021224524848;-1,48024731883969;1,50239320323573;-0,352029313015947;-0,521683228154014;-1,89358750254014;0,0842883529991338;-0,376175956817253;-0,470455664237916;1,41157001454507;0,692181735767753;-0,762968996958794;1,38767724344196;0,65871395464614;1,05851627817429;1,86957572249332;1,01707376002338;-0,910354046710437;-0,411382717078642;-1,19861201179601;0,767174387541047
0;1,78677599201442;-0,270713824644055;-0,813873342685028;1,05646441532081;1,01011056280069;-0,0381888124386303;-1,33224194782158;-0,263738302764082;0,0121959974467415;1,27805314214589;-2,06189270444105;0,859936822224105;-0,524637875471777;1,15422660918108;-0,720981558271585;1,14019734529137;1,07489588339354;-1,20228002525033;-2,06886472041742;0,880790580118701;1,94834619308344;1,26241782459326;-1,87952201228;-1,49156454401952;0,529418689051172;0,252188125681671;0,267030755320338;-0,207116809088464;1,30064220571936;0,92754317670166;-2,07052983223143;1,39776949870524;-0,367017074810912;1,31103239025487;-1,56084588864147;0,690897406247588;0,110600399386247;0,517407249534575;0,39027716618284;0,0357008520149954;-0,821150261500695;1,81291820143572;1,44057578295145;-2,07419965237454;0,530117370552131;0,293717992826626;-0,295940796941162;1,45320635066304;-0,43618905039903;-1,46799844302553;1,89898703102147;-1,96820912608019;-0,591388577639129;-0,172613635634877;0,769995747373725;-1,63363469936393;-0,549184679149143;-1,48030166545059;-1,63094714051545;-1,40007042966607;1,71021919196117;0,890313620987022;0,451058251236696;1,10009158046522;1,19059010759223;-1,44422344342615;-0,931038969750071;0,179768493993493;0,557079631037468;0,603559795200968;-1,12839592087996;-1,60050423292612;0,422881568286975
0;-0,0581940494699289;-0,392154927834322;-1,81793323248561;1,69514629632533;-1,76400653580053;0,0172433918444819;-1,72666896565439;-1,44230909783242;0,777688340238762;-1,73270192427958;0,578713228531417;0,973128714491656;1,76417037671063;-0,130741111790486;1,68036029945392;-1,44876421154974;-1,87494494814818;-0,812520579126238;-0,493218049604722;0,0141531035784343;-0,311690581712065;0,333218005697882;0,299591627841965;-0,701683162360069;-1,63129914477108;-1,11418441376733;-0,144227200472289;-0,826468902392987;1,42432679138781;-1,12557520762404;0,910960201371292;1,54820581227115;1,24390467660405;-0,318977931708445;1,40015977523241;-1,68321999718189;0,600484246652523;-1,30179194549605;-0,654108523145794;0,515668647990639;-1,67602368435998;-1,75024866220372;-1,13938297407817;0,624761528728864;1,71204654790901;-1,89013747266484;1,19968217162074;0,696490128503122;-0,647530984699388;-0,305886376363186;0,463708098150226;-0,556411855901777;1,34642083962426;0,409355293080007;-1,22168806010033;1,46588659875399;1,16555209824552;0,741048583796269;1,38525098395038;1,2074765318886;-1,77972386482926;0,957098590660407;-1,00933723529842;-0,0379309092832326;-0,786363471729064;0,887806070182069;1,58652269180941;0,141953851273037;0,326397766898907;1,42238583948978;-0,19194980428046;1,28414565126967;1,69888659794136
0;0,927496361230404;-0,30269889830901;-0,584245014516382;-0,546153069067576;1,69253410684295;-0,644438007691811;-1,90428007044454;-0,532697210483679;1,11566771414943;1,8561588522013;-0,257900610623583;0,278067657972015;-0,552003917113027;-1,96811932448631;-1,26009421711467;-1,18382646584103;1,98283521978603;-1,13122412613984;1,89909656807471;-0,950258970482496;-0,0266215311530971;0,374500895526134;-0,889925019199389;1,22734448249289;0,82392131351316;-0,614940971973103;-1,27162925923842;-1,83379290191534;-1,01037048425078;-1,77979353515698;-0,259732181324236;1,9288914267809;1,1383595568496;-0,467163013375199;-1,63666268353217;-1,45498709861629;1,25180421338778;-0,0293382938321381;1,64620245342856;-0,742103257107535;1,2385623312697;-0,331939389084228;-1,07251683181517;1,24933083995802;1,16306753987036;1,7140442012606;1,70666500276062;0,745790811336284;0,819587346500254;-0,873065572530656;0,416938394182206;0,507058044467463;-0,0793225375712801;0,171410478698058;-0,288156924057097;-1,64090903959879;-1,60667838441268;0,244790063262896;0,686305177691434;0,113570573512991;-1,56671325375645;1,98589239174296;-1,71623123153596;0,701556744003348;-0,0780134717775193;-0,130412477132316;1,19608766139459;1,97153865653434;1,72492291931803;-1,99901162380144;-0,379251118956648;-0,181730991684894;-0,721047019296228
